{"epoch": 50, "loss": {"Test Exp 6": {"train": [0.6971790790557861, 0.6931555867195129, 0.6931555867195129, 0.6931555271148682, 0.6931555271148682, 0.6931555271148682, 0.6931555271148682, 0.6931555271148682, 0.6931555271148682, 0.6931555271148682, 0.6931555271148682, 0.6931555271148682, 0.6931555271148682, 0.6931555271148682, 0.6931555271148682, 0.6931555271148682, 0.6931555271148682, 0.6931555271148682, 0.6931555271148682, 0.6931555271148682, 0.6931555271148682, 0.6931555271148682, 0.6931555271148682, 0.6931555271148682, 0.6931555271148682, 0.6931555271148682, 0.6931555271148682, 0.6931555271148682, 0.6931555271148682, 0.6931555271148682, 0.6931555271148682, 0.6931555271148682, 0.6931555271148682, 0.6931555271148682, 0.6931555271148682, 0.6931555271148682, 0.6931555271148682, 0.6931555271148682, 0.6931555271148682, 0.6931555271148682, 0.6931555271148682, 0.6931555271148682, 0.6931555271148682, 0.6931555271148682, 0.6931555271148682, 0.6931555271148682, 0.6931555271148682, 0.6931555271148682, 0.6931555271148682, 0.6931555271148682], "val": [0.6931461095809937, 0.6931461095809937, 0.6931461095809937, 0.6931461095809937, 0.6931461095809937, 0.6931461095809937, 0.6931461095809937, 0.6931461095809937, 0.6931461095809937, 0.6931461095809937, 0.6931461095809937, 0.6931461095809937, 0.6931461095809937, 0.6931461095809937, 0.6931461095809937, 0.6931461095809937, 0.6931461095809937, 0.6931461095809937, 0.6931461095809937, 0.6931461095809937, 0.6931461095809937, 0.6931461095809937, 0.6931461095809937, 0.6931461095809937, 0.6931461095809937, 0.6931461095809937, 0.6931461095809937, 0.6931461095809937, 0.6931461095809937, 0.6931461095809937, 0.6931461095809937, 0.6931461095809937, 0.6931461095809937, 0.6931461095809937, 0.6931461095809937, 0.6931461095809937, 0.6931461095809937, 0.6931461095809937, 0.6931461095809937, 0.6931461095809937, 0.6931461095809937, 0.6931461095809937, 0.6931461095809937, 0.6931461095809937, 0.6931461095809937, 0.6931461095809937, 0.6931461095809937, 0.6931461095809937, 0.6931461095809937, 0.6931461095809937]}, "Test Exp 7": {"train": [0.6935390830039978, 0.6931555271148682, 0.6931555271148682, 0.6931555271148682, 0.6931555271148682, 0.6931555271148682, 0.6931555271148682, 0.6931555271148682, 0.6931555271148682, 0.6931555271148682, 0.6931555271148682, 0.6931555271148682, 0.6931555271148682, 0.6931555271148682, 0.6931555271148682, 0.6931555271148682, 0.6931555271148682, 0.6931555271148682, 0.6931555271148682, 0.6931555271148682, 0.6931555271148682, 0.6931555271148682, 0.6931555271148682, 0.6931555271148682, 0.6931555271148682, 0.6931555271148682, 0.6931555271148682, 0.6931555271148682, 0.6931555271148682, 0.6931555271148682, 0.6931555271148682, 0.6931555271148682, 0.6931555271148682, 0.6931555271148682, 0.6931555271148682, 0.6931555271148682, 0.6931555271148682, 0.6931555271148682, 0.6931555271148682, 0.6931555271148682, 0.6931555271148682, 0.6931555271148682, 0.6931555271148682, 0.6931555271148682, 0.6931555271148682, 0.6931555271148682, 0.6931555271148682, 0.6931555271148682, 0.6931555271148682, 0.6931555271148682], "val": [0.6931461095809937, 0.6931461095809937, 0.6931461095809937, 0.6931461095809937, 0.6931461095809937, 0.6931461095809937, 0.6931461095809937, 0.6931461095809937, 0.6931461095809937, 0.6931461095809937, 0.6931461095809937, 0.6931461095809937, 0.6931461095809937, 0.6931461095809937, 0.6931461095809937, 0.6931461095809937, 0.6931461095809937, 0.6931461095809937, 0.6931461095809937, 0.6931461095809937, 0.6931461095809937, 0.6931461095809937, 0.6931461095809937, 0.6931461095809937, 0.6931461095809937, 0.6931461095809937, 0.6931461095809937, 0.6931461095809937, 0.6931461095809937, 0.6931461095809937, 0.6931461095809937, 0.6931461095809937, 0.6931461095809937, 0.6931461095809937, 0.6931461095809937, 0.6931461095809937, 0.6931461095809937, 0.6931461095809937, 0.6931461095809937, 0.6931461095809937, 0.6931461095809937, 0.6931461095809937, 0.6931461095809937, 0.6931461095809937, 0.6931461095809937, 0.6931461095809937, 0.6931461095809937, 0.6931461095809937, 0.6931461095809937, 0.6931461095809937]}}, "accuracy": {"Test Exp 6": {"train": [0.2525318192981696, 0.5753189153267166, 0.5815744232075009, 0.5830624539505049, 0.5832358167555151, 0.5836114361663705, 0.5837125644692931, 0.5836692237680405, 0.5837992458717982, 0.5837847989713807, 0.5837992458717982, 0.5837992458717982, 0.5837847989713807, 0.5837992458717982, 0.5837847989713807, 0.5837992458717982, 0.5837992458717982, 0.5837992458717982, 0.5837992458717982, 0.5837992458717982, 0.5837992458717982, 0.5837992458717982, 0.5837992458717982, 0.5837992458717982, 0.5837992458717982, 0.5837992458717982, 0.5837992458717982, 0.5837992458717982, 0.5837992458717982, 0.5837992458717982, 0.5837992458717982, 0.5837992458717982, 0.5837992458717982, 0.5837992458717982, 0.5837992458717982, 0.5837992458717982, 0.5837992458717982, 0.5837992458717982, 0.5837992458717982, 0.5837992458717982, 0.5837992458717982, 0.5837992458717982, 0.5837992458717982, 0.5837992458717982, 0.5837992458717982, 0.5837992458717982, 0.5837992458717982, 0.5837992458717982, 0.5837992458717982, 0.5837992458717982], "val": [0.5813926610806125, 0.5828951170182028, 0.583068477318694, 0.5830106905518636, 0.5830106905518636, 0.5830106905518636, 0.5830106905518636, 0.583068477318694, 0.583068477318694, 0.583068477318694, 0.583068477318694, 0.583068477318694, 0.583068477318694, 0.583068477318694, 0.583068477318694, 0.583068477318694, 0.583068477318694, 0.583068477318694, 0.583068477318694, 0.583068477318694, 0.583068477318694, 0.583068477318694, 0.583068477318694, 0.583068477318694, 0.583068477318694, 0.583068477318694, 0.583068477318694, 0.583068477318694, 0.583068477318694, 0.583068477318694, 0.583068477318694, 0.583068477318694, 0.583068477318694, 0.583068477318694, 0.583068477318694, 0.583068477318694, 0.583068477318694, 0.583068477318694, 0.583068477318694, 0.583068477318694, 0.583068477318694, 0.583068477318694, 0.583068477318694, 0.583068477318694, 0.583068477318694, 0.583068477318694, 0.583068477318694, 0.583068477318694, 0.583068477318694, 0.583068477318694]}, "Test Exp 7": {"train": [0.5076785275719095, 0.5814155073029081, 0.5821378523237839, 0.5825712593363094, 0.582643493838397, 0.5827301752409021, 0.5827590690417371, 0.5827590690417371, 0.5827735159421547, 0.5827157283404846, 0.5827446221413196, 0.5827446221413196, 0.5828024097429897, 0.5827590690417371, 0.5828024097429897, 0.5828024097429897, 0.5827879628425722, 0.5827879628425722, 0.5827446221413196, 0.5828024097429897, 0.5827879628425722, 0.5828024097429897, 0.5828024097429897, 0.5827879628425722, 0.5827879628425722, 0.5827879628425722, 0.5828024097429897, 0.5827879628425722, 0.5827735159421547, 0.5828024097429897, 0.5828024097429897, 0.5828024097429897, 0.5828024097429897, 0.5828024097429897, 0.5828024097429897, 0.5828024097429897, 0.5828024097429897, 0.5828024097429897, 0.5828024097429897, 0.5828024097429897, 0.5828024097429897, 0.5828024097429897, 0.5828024097429897, 0.5828024097429897, 0.5828024097429897, 0.5828024097429897, 0.5828024097429897, 0.5828024097429897, 0.5828024097429897, 0.5828024097429897],